{
	"name": "canneal",
	"runtime": 40.73185682296753,
	"l2miss": 15650043.015228426,
	"l3miss_load": 3331773.96,
	"l3miss": 10507174.040609136,
	"instructions": 655535569.4467005,
	"cycles": 2672474380.208122,
	"stall_cycles": 2218273334.6497464,
	"wall_cycles": 420279290.55837566,
	"intra_coh": 137839.23350253806,
	"inter_coh": 0.0,
	"llc_size": 41158604.02030457,
	"local_mem": 783304236.1827412,
	"remote_mem": 530608.730964467
}