{
	"name": "kmeans",
	"runtime": 31.789833784103394,
	"l2miss": 71150542.2236842,
	"l3miss": 4831686.27631579,
	"instructions": 3539432314.513158,
	"cycles": 4689387193.585526,
	"stall_cycles": 3016050882.769737,
	"wall_cycles": 420233825.8552632,
	"intra_coh": 49896986.631578945,
	"inter_coh": 0.29605263157894735,
	"llc_size": 40910848.0,
	"local_mem": 332588732.6315789,
	"remote_mem": 683816.4210526316
}