{
	"name": "nn",
	"runtime": 82.9992151260376,
	"l2miss": 32276302.49009901,
	"l3miss": 4504.89603960396,
	"instructions": 3196877992.668317,
	"cycles": 8193621080.071782,
	"stall_cycles": 420466153.94554454,
	"wall_cycles": 420610353.71670705,
	"intra_coh": 19408505.534653466,
	"inter_coh": 1.9356435643564356,
	"llc_size": 41809534.732673265,
	"local_mem": 26557328.475247525,
	"remote_mem": 205043.32673267327
}