{
	"name": "sp",
	"runtime": 156.28567337989807,
	"l2miss": 150615178.75422627,
	"l3miss": 84789315.69440833,
	"instructions": 5251142063.394018,
	"cycles": 8262392350.966189,
	"stall_cycles": 6022209234.040312,
	"wall_cycles": 420637536.4681404,
	"intra_coh": 3526.2860858257477,
	"inter_coh": 2.1560468140442133,
	"llc_size": 41942613.88816645,
	"local_mem": 8749447511.552666,
	"remote_mem": 16624838.408322496
}