{
	"name": "bfs",
	"runtime": 39.23339319229126,
	"l2miss": 7396348.683181226,
	"l3miss": 2874176.714471969,
	"instructions": 5428776230.769232,
	"cycles": 2358496060.5736637,
	"stall_cycles": 489424564.38070405,
	"intra_coh": 552193.2724902217,
	"inter_coh": 1.564537157757497,
	"wall_cycles": 2107583652.5162973,
	"llc_size": 38157075.692307696,
	"local_mem": 325719901.12125164,
	"remote_mem": 3557912.698826597
}