{
	"name": "bodytrack",
	"runtime": 28.820465326309204,
	"l2miss": 62720187.31182796,
	"l3miss": 2047916.953405018,
	"instructions": 28509871947.419353,
	"cycles": 12624585292.93907,
	"stall_cycles": 1248743845.0179212,
	"intra_coh": 6782771.577060931,
	"inter_coh": 7.670250896057348,
	"wall_cycles": 2110435311.2544801,
	"llc_size": 38511326.05017921,
	"local_mem": 89828950.25089607,
	"remote_mem": 2435872.1146953404
}