{
	"name": "BT",
	"runtime": 182.28619074821472,
	"l2miss": 213733090.28856826,
	"l3miss": 114912035.71032187,
	"instructions": 36747372630.0555,
	"cycles": 16609131107.907879,
	"stall_cycles": 3742455952.27525,
	"intra_coh": 28027.819089900113,
	"inter_coh": 0.19422863485016648,
	"wall_cycles": 2112654800.3052163,
	"llc_size": 41561134.59711432,
	"local_mem": 8353847734.694784,
	"remote_mem": 76820048.12430632
}