{
	"name": "BT",
	"runtime": 180.0266306400299,
	"l2miss": 209131122.35161108,
	"l3miss": 112225709.15771621,
	"instructions": 37314385197.06614,
	"cycles": 16792362436.009045,
	"stall_cycles": 3760861210.672696,
	"wall_cycles": 2114139368.920294,
	"intra_coh": 21035.449406444317,
	"inter_coh": 15877.778405879028,
	"llc_size": 41439544.54618474,
	"local_mem": 8457671237.173544,
	"remote_mem": 69865673.44262296
}