{
	"name": "canneal",
	"runtime": 51.74103355407715,
	"l2miss": 11998567.607142856,
	"l3miss": 8240564.182539683,
	"instructions": 512676473.4722222,
	"cycles": 2046591411.0595238,
	"stall_cycles": 1691298767.8690476,
	"wall_cycles": 420031420.1547619,
	"intra_coh": 58377.65476190476,
	"inter_coh": 0.04365079365079365,
	"llc_size": 40612555.17460317,
	"local_mem": 535561232.25396824,
	"remote_mem": 417922.0317460318
}