{
	"name": "canneal",
	"runtime": 50.875282287597656,
	"l2miss": 60792682.894211575,
	"l3miss": 41080933.25349302,
	"instructions": 2573983428.3233533,
	"cycles": 10176539363.932137,
	"stall_cycles": 8380277883.153692,
	"wall_cycles": 2100813560.0598803,
	"intra_coh": 274952.89421157684,
	"inter_coh": 0.01996007984031936,
	"llc_size": 41439544.54618474,
	"local_mem": 3492287862.0359282,
	"remote_mem": 4319358.72255489
}