{
	"name": "canneal",
	"runtime": 51.117209911346436,
	"l2miss": 11972185.309236947,
	"l3miss": 8255098.847389558,
	"instructions": 519023040.35742974,
	"cycles": 2091238052.562249,
	"stall_cycles": 1731678390.257028,
	"wall_cycles": 419824030.94779116,
	"intra_coh": 59943.670682730924,
	"inter_coh": 0.028112449799196786,
	"llc_size": 41439544.54618474,
	"local_mem": 534376069.6546185,
	"remote_mem": 496389.140562249
}