{
	"name": "canneal",
	"runtime": 59.51518774032593,
	"l2miss": 413103598.96907216,
	"l3miss": 230499926.8041237,
	"instructions": 12699152838.487974,
	"cycles": 47614714607.44559,
	"stall_cycles": 38506034153.493706,
	"wall_cycles": 5673816820.8476515,
	"intra_coh": 1240175.2577319588,
	"inter_coh": 0.6872852233676976,
	"llc_size": 41439544.54618474,
	"local_mem": 15987405855.670103,
	"remote_mem": 503636277.66323024
}