{
	"name": "canneal",
	"runtime": 58.566492795944214,
	"l2miss": 55642619.19650655,
	"l3miss": 36857580.69868996,
	"instructions": 2294152843.772926,
	"cycles": 7968185474.899564,
	"stall_cycles": 6375642091.790394,
	"wall_cycles": 2109140231.161572,
	"intra_coh": 381280.0349344978,
	"inter_coh": 6730.183406113537,
	"llc_size": 41439544.54618474,
	"local_mem": 2853812912.6288214,
	"remote_mem": 7267913.781659389
}