{
	"name": "cfd",
	"runtime": 17.299954414367676,
	"l2miss": 151523399.8176292,
	"l3miss": 11029686.382978724,
	"instructions": 33348948394.650455,
	"cycles": 15680939350.516718,
	"stall_cycles": 1793740550.5167174,
	"intra_coh": 6442024.498480243,
	"inter_coh": 4.0121580547112465,
	"wall_cycles": 2120332480.182371,
	"llc_size": 15857321.62917933,
	"local_mem": 2912268.449848024,
	"remote_mem": 79679.0273556231
}