{
	"name": "CG",
	"runtime": 90.90163946151733,
	"l2miss": 808459309.1284916,
	"l3miss": 153601916.70391062,
	"instructions": 8585569115.7094965,
	"cycles": 16731737552.134077,
	"stall_cycles": 11796181752.111732,
	"intra_coh": 370905.1284916201,
	"inter_coh": 0.011173184357541898,
	"wall_cycles": 2114104247.4413407,
	"llc_size": 41535545.20670391,
	"local_mem": 9254515031.240223,
	"remote_mem": 18843613.675977655
}