{
	"name": "DC",
	"runtime": 186.75378322601318,
	"l2miss": 110678386.96171598,
	"l3miss": 76042798.12109692,
	"instructions": 7915152136.589737,
	"cycles": 14140357892.283463,
	"stall_cycles": 9310780235.319035,
	"intra_coh": 67.34727124626663,
	"inter_coh": 0.18463209340211784,
	"wall_cycles": 2108637671.9630737,
	"llc_size": 40991335.56774369,
	"local_mem": 5917736025.80505,
	"remote_mem": 9680750.866141733
}