{
	"name": "EP",
	"runtime": 72.54296398162842,
	"l2miss": 30281629.242636748,
	"l3miss": 6420476.339410939,
	"instructions": 10621959428.148668,
	"cycles": 16824154409.859749,
	"stall_cycles": 5908638090.336605,
	"intra_coh": 66.97054698457224,
	"inter_coh": 0.056100981767180924,
	"wall_cycles": 2114423745.1753154,
	"llc_size": 1064937.0210378682,
	"local_mem": 52392.03366058906,
	"remote_mem": 553333.4081346424
}