{
	"name": "facesim",
	"runtime": 91.93079280853271,
	"l2miss": 157937068.22749862,
	"l3miss": 28384420.739922695,
	"instructions": 25235257624.516838,
	"cycles": 12889822363.114302,
	"stall_cycles": 2779658362.2308116,
	"intra_coh": 2207333.7493097736,
	"inter_coh": 10.425179458862509,
	"wall_cycles": 2112627262.9707346,
	"llc_size": 41033859.18056323,
	"local_mem": 1002708037.5483158,
	"remote_mem": 11229779.966869133
}