{
	"name": "facesim",
	"runtime": 90.43694233894348,
	"l2miss": 166282636.99095023,
	"l3miss": 24719981.719457015,
	"instructions": 25880380705.06787,
	"cycles": 13042011225.690044,
	"stall_cycles": 2752212959.6040726,
	"wall_cycles": 2112787419.7511313,
	"intra_coh": 3078449.954751131,
	"inter_coh": 13725.961538461539,
	"llc_size": 41439544.54618474,
	"local_mem": 1171378898.8235295,
	"remote_mem": 13001927.239819003
}