{
	"name": "fluidanimate",
	"runtime": 58.332513093948364,
	"l2miss": 79196720.6445993,
	"l3miss": 50765289.181184664,
	"instructions": 34181753854.285713,
	"cycles": 19516734522.456444,
	"stall_cycles": 2102575306.5156794,
	"wall_cycles": 2100813560.0598803,
	"intra_coh": 5085844.651567944,
	"inter_coh": 0.3484320557491289,
	"llc_size": 415121465.087108,
	"local_mem": 3349890907.8745646,
	"remote_mem": 18919809.337979093
}