{
	"name": "fluidanimate",
	"runtime": 70.6184606552124,
	"l2miss": 66363428.112798266,
	"l3miss": 41495381.67751265,
	"instructions": 28449764402.603035,
	"cycles": 15807868146.637745,
	"stall_cycles": 3367753444.584237,
	"wall_cycles": 2111054726.59436,
	"intra_coh": 4452528.806941432,
	"inter_coh": 13572.002892263197,
	"llc_size": 415121465.087108,
	"local_mem": 2700881194.3890095,
	"remote_mem": 44826055.35791756
}