{
	"name": "fluidanimate",
	"runtime": 72.03479194641113,
	"l2miss": 62775300.31029619,
	"l3miss": 45073588.251057826,
	"instructions": 27635551925.275036,
	"cycles": 15648147387.334272,
	"stall_cycles": 3517832689.2665725,
	"intra_coh": 3956624.8095909734,
	"inter_coh": 0.5641748942172073,
	"wall_cycles": 2111219334.922426,
	"llc_size": 41529534.645980254,
	"local_mem": 3013805603.385049,
	"remote_mem": 41319107.7009873
}