{
	"name": "freqmine",
	"runtime": 85.67928528785706,
	"l2miss": 57477559.75029726,
	"l3miss": 9170439.53626635,
	"instructions": 29334012536.206898,
	"cycles": 16076459416.147444,
	"stall_cycles": 3861194938.287753,
	"wall_cycles": 2110738194.9702735,
	"intra_coh": 14914421.248513674,
	"inter_coh": 15639.417360285373,
	"llc_size": 385291493.877551,
	"local_mem": 495354752.15219975,
	"remote_mem": 6255921.617122473
}