{
	"name": "freqmine",
	"runtime": 85.35708165168762,
	"l2miss": 58436243.56506239,
	"l3miss": 8935877.920380274,
	"instructions": 29329754498.395725,
	"cycles": 16095461475.448605,
	"stall_cycles": 3889697179.524658,
	"wall_cycles": 2106684766.0249555,
	"intra_coh": 16015597.219251337,
	"inter_coh": 0.7961972667855021,
	"llc_size": 385291493.877551,
	"local_mem": 665578631.681521,
	"remote_mem": 6117472.133095663
}