{
	"name": "freqmine",
	"runtime": 69.44226408004761,
	"l2miss": 68033447.65306123,
	"l3miss": 10817418.483965015,
	"instructions": 35975762909.854225,
	"cycles": 19932432780.072887,
	"stall_cycles": 4954574076.209912,
	"wall_cycles": 2100459532.9446065,
	"intra_coh": 17507614.15451895,
	"inter_coh": 0.29154518950437314,
	"llc_size": 385291493.877551,
	"local_mem": 577093202.0991254,
	"remote_mem": 3535695.860058309
}