{
	"name": "freqmine",
	"runtime": 85.07297945022583,
	"l2miss": 57305073.225998804,
	"l3miss": 8849642.28980322,
	"instructions": 29413244424.38879,
	"cycles": 16205045929.946331,
	"stall_cycles": 3943648977.734049,
	"intra_coh": 15520098.163387,
	"inter_coh": 6.702444841979726,
	"wall_cycles": 2110785518.2707214,
	"llc_size": 40889540.007155634,
	"local_mem": 447265028.1216458,
	"remote_mem": 4414398.664281455
}