{
	"name": "FT",
	"runtime": 51.22696900367737,
	"l2miss": 1150458301.0578842,
	"l3miss": 319383257.744511,
	"instructions": 41524765622.01597,
	"cycles": 15943874258.522953,
	"stall_cycles": 2570307864.6506987,
	"intra_coh": 40378.762475049894,
	"inter_coh": 0.17964071856287425,
	"wall_cycles": 2117919533.9121757,
	"llc_size": 41423068.74251497,
	"local_mem": 10089127232.894213,
	"remote_mem": 58024868.0239521
}