{
	"name": "kmeans",
	"runtime": 40.59504842758179,
	"l2miss": 166642419.94955865,
	"l3miss": 18489048.272383355,
	"instructions": 13486435528.095839,
	"cycles": 8923536540.479193,
	"stall_cycles": 3263540247.7427487,
	"intra_coh": 113546655.5107188,
	"inter_coh": 0.17654476670870115,
	"wall_cycles": 2109919463.3039093,
	"llc_size": 40014397.33669609,
	"local_mem": 1312052207.2131147,
	"remote_mem": 7065987.38965952
}