{
	"name": "kmeans",
	"runtime": 40.35035014152527,
	"l2miss": 185422775.6756757,
	"l3miss": 19463647.593307592,
	"instructions": 13773966502.368084,
	"cycles": 9490958570.579151,
	"stall_cycles": 3637396000.0,
	"wall_cycles": 2109259512.4581723,
	"intra_coh": 127064823.73230374,
	"inter_coh": 11076.190476190477,
	"llc_size": 40324710.4,
	"local_mem": 1297946805.868726,
	"remote_mem": 6836998.918918919
}