{
	"name": "kmeans",
	"runtime": 31.43491005897522,
	"l2miss": 192604611.46579805,
	"l3miss": 23967362.54071661,
	"instructions": 17425663303.094463,
	"cycles": 11884070884.723127,
	"stall_cycles": 4724979741.205212,
	"wall_cycles": 2101847222.2475572,
	"intra_coh": 133296346.05863193,
	"inter_coh": 2.2801302931596092,
	"llc_size": 40324710.4,
	"local_mem": 1667139777.4592834,
	"remote_mem": 5069967.426710098
}