{
	"name": "LU",
	"runtime": 123.13105177879333,
	"l2miss": 611578876.3688761,
	"l3miss": 217745613.56113628,
	"instructions": 32411614176.755867,
	"cycles": 16689782430.687525,
	"stall_cycles": 4148270907.0728693,
	"intra_coh": 177813.79991766158,
	"inter_coh": 0.3211198023878139,
	"wall_cycles": 2113178014.351585,
	"llc_size": 41276752.83655825,
	"local_mem": 10691093542.363111,
	"remote_mem": 88127977.86743516
}