{
	"name": "MG",
	"runtime": 17.040343523025513,
	"l2miss": 501857164.50617284,
	"l3miss": 386617988.7654321,
	"instructions": 34269607187.160492,
	"cycles": 15669431497.222223,
	"stall_cycles": 2820838935.308642,
	"intra_coh": 358512.7160493827,
	"inter_coh": 0.18518518518518517,
	"wall_cycles": 2128649811.5432098,
	"llc_size": 41252889.28395062,
	"local_mem": 33007093127.901234,
	"remote_mem": 96855735.30864197
}