{
	"name": "nn",
	"runtime": 86.74613857269287,
	"l2miss": 94167298.10082063,
	"l3miss": 33635.41617819461,
	"instructions": 8849242962.696365,
	"cycles": 16096334376.225088,
	"stall_cycles": 10274897779.85932,
	"intra_coh": 68491851.40679953,
	"inter_coh": 1.395076201641266,
	"wall_cycles": 2114466343.0480657,
	"llc_size": 38799309.58030481,
	"local_mem": 250534985.22860494,
	"remote_mem": 2068263.915592028
}