{
	"name": "nn",
	"runtime": 66.31726932525635,
	"l2miss": 20119888.97213622,
	"l3miss": 1852.996904024768,
	"instructions": 2151666300.609907,
	"cycles": 4011340016.148607,
	"stall_cycles": 2547618467.8018575,
	"wall_cycles": 420291464.05934715,
	"intra_coh": 14023998.566563467,
	"inter_coh": 0.4241486068111455,
	"llc_size": 38529081.06501548,
	"local_mem": 33146810.2538699,
	"remote_mem": 87651.86377708978
}