{
	"name": "nn",
	"runtime": 66.1425392627716,
	"l2miss": 22936318.05279503,
	"l3miss": 1336.8136645962734,
	"instructions": 2156440135.804348,
	"cycles": 4021981572.661491,
	"stall_cycles": 2557543664.114907,
	"wall_cycles": 419996539.54658383,
	"intra_coh": 15287613.791925466,
	"inter_coh": 2.080745341614907,
	"llc_size": 40148534.0621118,
	"local_mem": 33146765.51552795,
	"remote_mem": 240162.98136645963
}