{
	"name": "nn",
	"runtime": 74.64870262145996,
	"l2miss": 93579887.43448275,
	"l3miss": 1771182.1103448276,
	"instructions": 9515542575.682758,
	"cycles": 16870611064.193104,
	"stall_cycles": 10460715115.931034,
	"wall_cycles": 2114596987.3655174,
	"intra_coh": 63552416.08275862,
	"inter_coh": 22423.144827586206,
	"llc_size": 40148534.0621118,
	"local_mem": 131959673.82068965,
	"remote_mem": 14083460.413793104
}