{
	"name": "nn",
	"runtime": 65.96833348274231,
	"l2miss": 98489406.00308642,
	"l3miss": 8380.293209876543,
	"instructions": 10738637686.69753,
	"cycles": 20138784439.367287,
	"stall_cycles": 12751693133.67284,
	"wall_cycles": 2103901838.425926,
	"intra_coh": 70078248.8425926,
	"inter_coh": 1.9290123456790123,
	"llc_size": 40148534.0621118,
	"local_mem": 165206344.69135803,
	"remote_mem": 724132.3456790124
}