{
	"name": "particlefilter",
	"runtime": 88.62292170524597,
	"l2miss": 1644216187.5072298,
	"l3miss": 716752.0994794678,
	"instructions": 26348741815.98612,
	"cycles": 9531916426.674377,
	"stall_cycles": 888746471.1162521,
	"wall_cycles": 2112264332.689416,
	"intra_coh": 25106.81318681319,
	"inter_coh": 13258.438403701562,
	"llc_size": 41439544.54618474,
	"local_mem": 45910071.67148641,
	"remote_mem": 1370608.3053788315
}