{
	"name": "particlefilter",
	"runtime": 89.2332181930542,
	"l2miss": 1627779914.7332575,
	"l3miss": 747878.8535754824,
	"instructions": 26108105996.583427,
	"cycles": 9491345515.459705,
	"stall_cycles": 924942352.7128263,
	"intra_coh": 2270.6923950056753,
	"inter_coh": 0.5788876276958002,
	"wall_cycles": 2107155217.9114642,
	"llc_size": 8381652.703745743,
	"local_mem": 7430636.8217934165,
	"remote_mem": 211262.47446083993
}