{
	"name": "raytrace",
	"runtime": 96.63842177391052,
	"l2miss": 29602739.589689635,
	"l3miss": 7303374.339821147,
	"instructions": 11771374169.647552,
	"cycles": 5870027242.009469,
	"stall_cycles": 1570524903.093109,
	"wall_cycles": 2107925825.0184112,
	"intra_coh": 478563.11415044713,
	"inter_coh": 6612.183061546555,
	"llc_size": 329469194.70985156,
	"local_mem": 511230443.26144135,
	"remote_mem": 2943431.7096265126
}