{
	"name": "raytrace",
	"runtime": 75.00958156585693,
	"l2miss": 37303490.04048583,
	"l3miss": 8992488.259109313,
	"instructions": 15097455247.354925,
	"cycles": 7698034081.48448,
	"stall_cycles": 2193381188.205128,
	"wall_cycles": 2100733789.3387315,
	"intra_coh": 603332.7395411606,
	"inter_coh": 7.57085020242915,
	"llc_size": 329469194.70985156,
	"local_mem": 652059320.48583,
	"remote_mem": 2034180.8367071524
}