{
	"name": "raytrace",
	"runtime": 89.84613180160522,
	"l2miss": 18571716.946478873,
	"l3miss": 7942853.092957746,
	"instructions": 12544699615.312675,
	"cycles": 5981723372.754929,
	"stall_cycles": 1416781031.0422535,
	"intra_coh": 505829.8929577465,
	"inter_coh": 4.687323943661972,
	"wall_cycles": 2108075918.4225354,
	"llc_size": 39615533.575211264,
	"local_mem": 564770417.9380282,
	"remote_mem": 3286030.422535212
}