{
	"name": "SP",
	"runtime": 139.1068513393402,
	"l2miss": 732227921.8221735,
	"l3miss": 372740335.3311379,
	"instructions": 29445354524.156605,
	"cycles": 16824258389.937798,
	"stall_cycles": 5539390817.672887,
	"wall_cycles": 2112598046.6154408,
	"intra_coh": 60722.45883644347,
	"inter_coh": 15559.180387852177,
	"llc_size": 40323737.27388535,
	"local_mem": 27333130453.56751,
	"remote_mem": 225875950.7647274
}