{
	"name": "SP",
	"runtime": 127.34041666984558,
	"l2miss": 811554100.6671963,
	"l3miss": 395381549.872915,
	"instructions": 31966554430.548054,
	"cycles": 20707372417.760128,
	"stall_cycles": 8246697940.540112,
	"wall_cycles": 2103639492.8911834,
	"intra_coh": 9351.890389197775,
	"inter_coh": 0.023828435266084195,
	"llc_size": 40323737.27388535,
	"local_mem": 30224151708.975376,
	"remote_mem": 124499140.01588562
}