{
	"name": "SP",
	"runtime": 141.8869218826294,
	"l2miss": 714542310.4748304,
	"l3miss": 383211477.33666545,
	"instructions": 28792891409.482327,
	"cycles": 16710507660.378437,
	"stall_cycles": 5682353836.237059,
	"intra_coh": 36667.840057122456,
	"inter_coh": 0.07854337736522671,
	"wall_cycles": 2113659531.3102462,
	"llc_size": 41388452.42127811,
	"local_mem": 29709588132.695465,
	"remote_mem": 148190911.01749375
}