{
	"name": "sp",
	"runtime": 127.0888831615448,
	"l2miss": 163002236.93152866,
	"l3miss_load": 4344448.79,
	"l3miss": 78817228.65127389,
	"instructions": 6445735257.58121,
	"cycles": 4130134407.705414,
	"stall_cycles": 1619057049.5605094,
	"wall_cycles": 419667452.5210396,
	"intra_coh": 3739.707006369427,
	"inter_coh": 0.006369426751592357,
	"llc_size": 40323737.27388535,
	"local_mem": 6098175308.636943,
	"remote_mem": 19028920.25477707
}