{
	"name": "streamcluster",
	"runtime": 105.4281976222992,
	"l2miss": 33286364.953846153,
	"l3miss": 28477362.696153846,
	"instructions": 2091902942.9057693,
	"cycles": 4044379818.5634613,
	"stall_cycles": 2912151681.040385,
	"wall_cycles": 419886595.10192305,
	"intra_coh": 2741920.2884615385,
	"inter_coh": 0.13653846153846153,
	"llc_size": 41851667.692307696,
	"local_mem": 1818834597.4153845,
	"remote_mem": 1270894.276923077
}