{
	"name": "streamcluster",
	"runtime": 101.64702010154724,
	"l2miss": 35329806.49101797,
	"l3miss": 29909409.63273453,
	"instructions": 2170341606.528942,
	"cycles": 4045075852.792415,
	"stall_cycles": 2870262486.491018,
	"wall_cycles": 419792473.15568864,
	"intra_coh": 2853265.9520958085,
	"inter_coh": 0.2435129740518962,
	"llc_size": 41737536.894211575,
	"local_mem": 1932222087.9201596,
	"remote_mem": 1599026.0758483035
}