{
	"name": "streamcluster",
	"runtime": 108.04844522476196,
	"l2miss": 168123959.88711193,
	"l3miss": 141570986.0583255,
	"instructions": 10224582760.649107,
	"cycles": 16460289317.262463,
	"stall_cycles": 10945278054.506115,
	"wall_cycles": 2110291760.0282218,
	"intra_coh": 13866344.04515522,
	"inter_coh": 7407.25305738476,
	"llc_size": 41851667.692307696,
	"local_mem": 9034444626.60395,
	"remote_mem": 15611501.335841957
}