{
	"name": "streamcluster",
	"runtime": 100.40241861343384,
	"l2miss": 173347568.74529484,
	"l3miss": 147510949.77415305,
	"instructions": 10874242181.191969,
	"cycles": 20151487489.05897,
	"stall_cycles": 14274633174.85571,
	"wall_cycles": 2101089271.7691345,
	"intra_coh": 14622179.72396487,
	"inter_coh": 0.12547051442910917,
	"llc_size": 41851667.692307696,
	"local_mem": 9555511427.051443,
	"remote_mem": 11094249.836888332
}