{
	"name": "streamcluster",
	"runtime": 119.3278136253357,
	"l2miss": 156971456.30351844,
	"l3miss": 124805390.402713,
	"instructions": 9211685349.44468,
	"cycles": 16351614244.688427,
	"stall_cycles": 11366733134.345062,
	"intra_coh": 11771614.675710049,
	"inter_coh": 0.8054260279779568,
	"wall_cycles": 2110561277.3548114,
	"llc_size": 41325795.89317507,
	"local_mem": 7605385847.155575,
	"remote_mem": 12724374.192454431
}