{
	"name": "swaptions",
	"runtime": 51.841299295425415,
	"l2miss": 7875566.221335992,
	"l3miss": 70218.84346959123,
	"instructions": 30888370965.343967,
	"cycles": 16816697239.282152,
	"stall_cycles": 3303835114.4366903,
	"wall_cycles": 2116106348.8534398,
	"intra_coh": 6450924.366899301,
	"inter_coh": 21939.86041874377,
	"llc_size": 41439544.54618474,
	"local_mem": 602434.6161515453,
	"remote_mem": 165963.54935194418
}