{
	"name": "swaptions",
	"runtime": 56.73839330673218,
	"l2miss": 166773391.76029962,
	"l3miss": 366194.00749063666,
	"instructions": 549506455116.10486,
	"cycles": 324747000633.7079,
	"stall_cycles": 71746753084.6442,
	"wall_cycles": 5674526160.299625,
	"intra_coh": 132535023.22097379,
	"inter_coh": 20.973782771535582,
	"llc_size": 41439544.54618474,
	"local_mem": 2601803.745318352,
	"remote_mem": 1276356.5543071162
}