{
	"name": "UA",
	"runtime": 195.17319631576538,
	"l2miss": 228345546.5751295,
	"l3miss": 156866266.44041452,
	"instructions": 20685463243.331608,
	"cycles": 15533993354.84456,
	"stall_cycles": 5431674421.005181,
	"intra_coh": 302162.46113989636,
	"inter_coh": 0.09326424870466321,
	"wall_cycles": 2112245120.7098446,
	"llc_size": 41048660.360621765,
	"local_mem": 12262197831.626942,
	"remote_mem": 93298136.20725387
}