{
	"name": "UA",
	"runtime": 191.63576126098633,
	"l2miss": 234905209.9230565,
	"l3miss": 161282014.08331123,
	"instructions": 20563319157.1186,
	"cycles": 15614710154.592731,
	"stall_cycles": 5650998669.477315,
	"wall_cycles": 2113380014.3857787,
	"intra_coh": 354513.00079596706,
	"inter_coh": 14184.600689838153,
	"llc_size": 41439544.54618474,
	"local_mem": 15061261994.75723,
	"remote_mem": 95241943.85778722
}